Relative Path,https://alpha.www.docs.aws.a2z.com/eks/latest/eksctl/Redirect URL
adopters.md,https://alpha.www.docs.aws.a2z.com/eks/latest/eksctl/index.html
community.md,https://alpha.www.docs.aws.a2z.com/eks/latest/eksctl/index.html
getting-started.md,https://alpha.www.docs.aws.a2z.com/eks/latest/eksctl/tutorial.html
index.md,https://alpha.www.docs.aws.a2z.com/eks/latest/eksctl/index.html
installation.md,https://alpha.www.docs.aws.a2z.com/eks/latest/eksctl/installation.html
announcements/managed-nodegroups-announcement.md,https://alpha.www.docs.aws.a2z.com/eks/latest/eksctl/announcements.html
announcements/nodegroup-override-announcement.md,https://alpha.www.docs.aws.a2z.com/eks/latest/eksctl/announcements.html
usage/access-entries.md,https://alpha.www.docs.aws.a2z.com/eks/latest/eksctl/access-entries.html
usage/addon-upgrade.md,https://alpha.www.docs.aws.a2z.com/eks/latest/eksctl/addon-upgrade.html
usage/addons.md,https://alpha.www.docs.aws.a2z.com/eks/latest/eksctl/addons.html
usage/arm-support.md,https://alpha.www.docs.aws.a2z.com/eks/latest/eksctl/arm-support.html
usage/auto-mode.md,https://alpha.www.docs.aws.a2z.com/eks/latest/eksctl/auto-mode.html
usage/autoscaling.md,https://alpha.www.docs.aws.a2z.com/eks/latest/eksctl/autoscaling.html
usage/cloudwatch-cluster-logging.md,https://alpha.www.docs.aws.a2z.com/eks/latest/eksctl/cloudwatch-cluster-logging.html
usage/cluster-subnets-security-groups.md,https://alpha.www.docs.aws.a2z.com/eks/latest/eksctl/cluster-subnets-security-groups.html
usage/cluster-upgrade.md,https://alpha.www.docs.aws.a2z.com/eks/latest/eksctl/cluster-upgrade.html
usage/container-runtime.md,https://alpha.www.docs.aws.a2z.com/eks/latest/eksctl/container-runtime.html
usage/creating-and-managing-clusters.md,https://alpha.www.docs.aws.a2z.com/eks/latest/eksctl/creating-and-managing-clusters.html
usage/custom-ami-support.md,https://alpha.www.docs.aws.a2z.com/eks/latest/eksctl/custom-ami-support.html
usage/customizing-the-kubelet.md,https://alpha.www.docs.aws.a2z.com/eks/latest/eksctl/customizing-the-kubelet.html
usage/dry-run.md,https://alpha.www.docs.aws.a2z.com/eks/latest/eksctl/dry-run.html
usage/eks-connector.md,https://alpha.www.docs.aws.a2z.com/eks/latest/eksctl/eks-connector.html
usage/eks-private-cluster.md,https://alpha.www.docs.aws.a2z.com/eks/latest/eksctl/eks-private-cluster.html
usage/eksctl-anywhere.md,https://alpha.www.docs.aws.a2z.com/eks/latest/eksctl/eksctl-anywhere.html
usage/eksctl-karpenter.md,https://alpha.www.docs.aws.a2z.com/eks/latest/eksctl/eksctl-karpenter.html
usage/emr-access.md,https://alpha.www.docs.aws.a2z.com/eks/latest/eksctl/emr-access.html
usage/faq.md,https://alpha.www.docs.aws.a2z.com/eks/latest/eksctl/faq.html
usage/fargate-support.md,https://alpha.www.docs.aws.a2z.com/eks/latest/eksctl/fargate.html
usage/gitops-v2.md,https://alpha.www.docs.aws.a2z.com/eks/latest/eksctl/gitops.html
usage/gpu-support.md,https://alpha.www.docs.aws.a2z.com/eks/latest/eksctl/gpu-support.html
usage/hybrid-nodes.md,https://alpha.www.docs.aws.a2z.com/eks/latest/eksctl/hybrid-nodes.html
usage/iam-identity-mappings.md,https://alpha.www.docs.aws.a2z.com/eks/latest/eksctl/iam-identity-mappings.html
usage/iam-permissions-boundary.md,https://alpha.www.docs.aws.a2z.com/eks/latest/eksctl/iam-permissions-boundary.html
usage/iam-policies.md,https://alpha.www.docs.aws.a2z.com/eks/latest/eksctl/iam-policies.html
usage/iamserviceaccounts.md,https://alpha.www.docs.aws.a2z.com/eks/latest/eksctl/iamserviceaccounts.html
usage/instance-selector.md,https://alpha.www.docs.aws.a2z.com/eks/latest/eksctl/instance-selector.html
usage/kms-encryption.md,https://alpha.www.docs.aws.a2z.com/eks/latest/eksctl/kms-encryption.html
usage/launch-template-support.md,https://alpha.www.docs.aws.a2z.com/eks/latest/eksctl/launch-template-support.html
usage/minimum-iam-policies.md,https://alpha.www.docs.aws.a2z.com/eks/latest/eksctl/minimum-iam-policies.html
usage/node-bootstrapping.md,https://alpha.www.docs.aws.a2z.com/eks/latest/eksctl/node-bootstrapping.html
usage/nodegroup-additional-volume-mappings.md,https://alpha.www.docs.aws.a2z.com/eks/latest/eksctl/nodegroup-additional-volume-mappings.html
usage/nodegroup-customize-dns.md,https://alpha.www.docs.aws.a2z.com/eks/latest/eksctl/nodegroup-customize-dns.html
usage/nodegroup-managed.md,https://alpha.www.docs.aws.a2z.com/eks/latest/eksctl/nodegroup-managed.html
usage/nodegroup-node-repair-config.md,https://alpha.www.docs.aws.a2z.com/eks/latest/eksctl/nodegroup-node-repair-config.html
usage/nodegroup-taints.md,https://alpha.www.docs.aws.a2z.com/eks/latest/eksctl/nodegroup-taints.html
usage/nodegroup-unmanaged.md,https://alpha.www.docs.aws.a2z.com/eks/latest/eksctl/nodegroup-unmanaged.html
usage/nodegroup-with-custom-subnet.md,https://alpha.www.docs.aws.a2z.com/eks/latest/eksctl/nodegroup-with-custom-subnet.html
usage/nodegroups.md,https://alpha.www.docs.aws.a2z.com/eks/latest/eksctl/nodegroups.html
usage/outposts.md,https://alpha.www.docs.aws.a2z.com/eks/latest/eksctl/outposts.html
usage/pod-identity-associations.md,https://alpha.www.docs.aws.a2z.com/eks/latest/eksctl/pod-identity-associations.html
usage/schema.md,https://alpha.www.docs.aws.a2z.com/eks/latest/eksctl/schema.html
usage/security.md,https://alpha.www.docs.aws.a2z.com/eks/latest/eksctl/security.html
usage/spot-instances.md,https://alpha.www.docs.aws.a2z.com/eks/latest/eksctl/spot-instances.html
usage/troubleshooting.md,https://alpha.www.docs.aws.a2z.com/eks/latest/eksctl/troubleshooting.html
usage/unowned-clusters.md,https://alpha.www.docs.aws.a2z.com/eks/latest/eksctl/unowned-clusters.html
usage/vpc-cluster-access.md,https://alpha.www.docs.aws.a2z.com/eks/latest/eksctl/vpc-cluster-access.html
usage/vpc-configuration.md,https://alpha.www.docs.aws.a2z.com/eks/latest/eksctl/vpc-configuration.html
usage/vpc-ip-family.md,https://alpha.www.docs.aws.a2z.com/eks/latest/eksctl/vpc-ip-family.html
usage/vpc-networking.md,https://alpha.www.docs.aws.a2z.com/eks/latest/eksctl/networking.html
usage/vpc-subnet-settings.md,https://alpha.www.docs.aws.a2z.com/eks/latest/eksctl/vpc-subnet-settings.html
usage/windows-worker-nodes.md,https://alpha.www.docs.aws.a2z.com/eks/latest/eksctl/windows-worker-nodes.html
usage/zonal-shift.md,https://alpha.www.docs.aws.a2z.com/eks/latest/eksctl/zonal-shift.html